{"downtown-blog-sidebar":{"search-2":{"title":""},"archives-2":{"title":"","count":0,"dropdown":0},"categories-2":{"title":"","count":1,"hierarchical":0,"dropdown":0}},"downtown-shop-sidebar":{"woocommerce_product_search-3":{"title":""},"woocommerce_products-2":{"title":"Products On Sale","number":5,"show":"onsale","orderby":"date","order":"desc","hide_free":0,"show_hidden":0},"woocommerce_price_filter-2":{"title":"Filter by price"},"woocommerce_product_categories-2":{"title":"Product categories","orderby":"name","dropdown":1,"count":1,"hierarchical":1,"show_children_only":0,"hide_empty":0,"max_depth":""},"woocommerce_top_rated_products-2":{"title":"Top rated products","number":5}},"dwt_listing_blog-sidebar":{"search-4":{"title":"Search Blog Posts"},"categories-3":{"title":"Blog Post Categories","count":0,"hierarchical":0,"dropdown":0},"archives-3":{"title":"Archieve Posts","count":0,"dropdown":0},"dwt_listing_blog_posts-2":{"title":"Recent Blog Posts","dwt_listing_post_no":"5"},"recent-posts-2":{"title":"Recent Blog Posts","number":5,"show_date":false}},"dwt_listing_search_sidebar":{"dwt_listing_listing_title_search-2":{"title":"Search By Title"},"dwt_listing_listing_cats_search-2":{"title":"Categories"},"dwt_listing_listing_open_closed-2":{"title":"Search By Status"},"dwt_listing_listing_streent_location-2":{"title":"Listing By Street Address"},"dwt_listing_listing_by_price-2":{"title":"Listing Search By Price Type"},"dwt_listing_listing_rated_as-2":{"title":"Search By Rating"},"dwt_listing_listing_custom_location-2":{"title":"Search By Custom Location"},"dwt_listing_listing_amenties_search-2":{"title":"Search By Amenties","number":"10"}},"dwt_listing_home_sidebar":{"dwt_listing_advertisement_slots-2":{"title":"Advertisement","ad_code":"<img src=\"https:\/\/listing.downtown-directory.com\/wp-content\/uploads\/2018\/02\/1212-1.jpg\" alt=\"ad image\" >"},"dwt_listing_featured_listing_sopt-2":{"title":"Featured Listings","max_ads":"3"}},"dwt_listing_shop-sidebar":{"woocommerce_product_search-4":{"title":""},"woocommerce_product_categories-3":{"title":"Product categories","orderby":"name","dropdown":0,"count":0,"hierarchical":1,"show_children_only":0,"hide_empty":0,"max_depth":""},"woocommerce_layered_nav-2":{"title":"Filter by","attribute":"color","display_type":"list","query_type":"and"},"woocommerce_price_filter-3":{"title":"Filter by price"},"woocommerce_top_rated_products-3":{"title":"Top rated products","number":5},"woocommerce_rating_filter-2":{"title":"Average rating"}},"dwt_listing_events-sidebar":{"dwt_listing_events_widgets-2":{"title":"Related Events","max_ads":"5"}},"dwt_listing_author-sidebar":{"dwt_listing_recent_listings-2":{"title":"Recent Listings","dwt_listing_post_no":"4"},"dwt_listing_featured_listing_sopt-3":{"title":"Featured Listings","max_ads":"3"},"dwt_listing_blog_posts-3":{"title":"Recent Blog Posts","dwt_listing_post_no":"5"}}}