{"dwt_listing_blog-sidebar":{"search-2":{"title":""},"archives-2":{"title":"","count":0,"dropdown":0},"categories-2":{"title":"","count":1,"hierarchical":0,"dropdown":0}},"dwt_listing_home_sidebar":{"dwt_listing_advertisement_slots-2":{"title":"Advertisement","ad_code":"<img src=\"https:\/\/listing.downtown-directory.com\/wp-content\/uploads\/2018\/02\/1212-1.jpg\" alt=\"ad image\" >"},"dwt_listing_featured_listing_sopt-2":{"title":"Featured Listings","max_ads":"5"}},"dwt_listing_listing_detial_sidebar":{"dwt_listing_featured_listing_sopt-4":{"title":"Featured Listings","max_ads":"5"}},"dwt_listing_shop-sidebar":{"woocommerce_product_search-4":{"title":""},"woocommerce_product_categories-3":{"title":"Product categories","orderby":"name","dropdown":0,"count":0,"hierarchical":1,"show_children_only":0,"hide_empty":0,"max_depth":""},"woocommerce_layered_nav-2":{"title":"Filter by","attribute":"color","display_type":"list","query_type":"and"},"woocommerce_price_filter-3":{"title":"Filter by price"},"woocommerce_top_rated_products-3":{"title":"Top rated products","number":5},"woocommerce_rating_filter-2":{"title":"Average rating"}},"dwt_listing_events-sidebar":{"dwt_listing_events_widgets-2":{"title":"Related Events","max_ads":"5"}},"dwt_listing_author-sidebar":{"dwt_listing_recent_listings-2":{"title":"Recent Listings","dwt_listing_post_no":"4"},"dwt_listing_featured_listing_sopt-3":{"title":"Featured Listings","max_ads":"3"},"dwt_listing_blog_posts-3":{"title":"Recent Blog Posts","dwt_listing_post_no":"5"}}}