{"dwt_listing_blog-sidebar":{"search-3":{"title":""},"search-2":{"title":""},"categories-2":{"title":"","count":1,"hierarchical":0,"dropdown":0},"archives-2":{"title":"","count":1,"dropdown":0},"meta-2":{"title":""}},"dwt_listing_home_sidebar":{"dwt_listing_advertisement_slots-2":{"title":"\u0627\u0644\u0625\u0639\u0644\u0627\u0646\u0627\u062a","ad_code":"<img src=\"https:\/\/demo-content.downtown-directory.com\/rtl-version\/wp-content\/uploads\/sites\/2\/2018\/02\/1212.jpg\" alt=\"\" class=\"img-responsive\">"},"dwt_listing_featured_listing_sopt-2":{"title":"\u0625\u0639\u0644\u0627\u0646\u0627\u062a \u0645\u0645\u064a\u0632\u0629","max_ads":"5"}},"dwt_listing_shop-sidebar":{"woocommerce_product_search-2":{"title":""},"woocommerce_price_filter-2":{"title":"Filter by price"},"woocommerce_rating_filter-2":{"title":"Average rating"},"woocommerce_product_categories-2":{"title":"\u0641\u0626\u0627\u062a \u0627\u0644\u0645\u0646\u062a\u062c\u0627\u062a","orderby":"name","dropdown":0,"count":1,"hierarchical":1,"show_children_only":0,"hide_empty":0,"max_depth":"5"},"woocommerce_top_rated_products-2":{"title":"Top rated products","number":5},"woocommerce_recent_reviews-2":{"title":"\u0627\u0644\u0645\u0631\u0627\u062c\u0639\u0627\u062a \u0627\u0644\u0623\u062e\u064a\u0631\u0629","number":5}},"dwt_listing_events-sidebar":{"dwt_listing_events_widgets-2":{"title":"\u0623\u062d\u062f\u0627\u062b \u0630\u0627\u062a \u0635\u0644\u0629","max_ads":"5"}},"dwt_listing_author-sidebar":{"dwt_listing_recent_listings-2":{"title":"\u0623\u062d\u062f\u062b \u0627\u0644\u0642\u0648\u0627\u0626\u0645","dwt_listing_post_no":"5"},"dwt_listing_featured_listing_sopt-3":{"title":"\u0625\u0639\u0644\u0627\u0646\u0627\u062a \u0645\u0645\u064a\u0632\u0629","max_ads":"5"},"dwt_listing_blog_posts-2":{"title":"\u0623\u062d\u062f\u062b \u0627\u0644\u062a\u062f\u0648\u064a\u0646\u0627\u062a","dwt_listing_post_no":"5"}}}