{"dwt_listing_blog-sidebar":{"search-2":{"title":""},"recent-posts-2":{"title":"","number":5},"recent-comments-2":{"title":"","number":5},"archives-2":{"title":"","count":0,"dropdown":0},"categories-2":{"title":"","count":0,"hierarchical":0,"dropdown":0},"meta-2":{"title":""}},"dwt_listing_search_sidebar":{"dwt_listing_listing_custom_location-2":{"title":"Search By Custom Location"}},"dwt_listing_home_sidebar":{"dwt_listing_advertisement_slots-2":{"title":"Advertisement","ad_code":"<img src=\"https:\/\/demo-content.downtown-directory.com\/wp-content\/uploads\/2018\/02\/1212.jpg\" class=\"img-responsive\" alt=\"\">"},"dwt_listing_featured_listing_sopt-2":{"title":"Featured Listings","max_ads":"5"}},"dwt_listing_shop-sidebar":{"woocommerce_product_search-2":{"title":""},"woocommerce_recent_reviews-2":{"title":"Recent reviews","number":5},"woocommerce_price_filter-2":{"title":"Filter by price"},"woocommerce_layered_nav-2":{"title":"Filter by","attribute":"","display_type":"list","query_type":"and"},"woocommerce_rating_filter-2":{"title":"Average rating"}},"dwt_listing_events-sidebar":{"dwt_listing_events_widgets-2":{"title":"Related Events","max_ads":"5"}},"dwt_listing_author-sidebar":{"dwt_listing_blog_posts-2":{"title":" Recent Blog Posts","dwt_listing_post_no":"5"},"dwt_listing_recent_listings-3":{"title":"DWT Recent Listings","dwt_listing_post_no":"5"}}}